1,『It is not a dream.』 -夢じゃない-,1,1,all,20051230,,house
2,紅白黒,1,1,all,20060521,,house
3,地上の兎と月の民,1,1,all,20060702,,house
4,あつい,1,10,all,20070817,,house
5,それはまるで恋のようで,1,1,all,20070818,,house
6,少恕ノ心,1,1,all,20071231,,house
7,パチュリーってばおまーせさん！,1,10,all,20080615,,house
8,H2O,1,1,all,20081005,,house
9,おおきく振りかぶったらボキボキっていった。,1,1,all,20081229,,house
10,見知らぬ国のりんごたち,1,1,all,20081229,,house
11,お前たちにさとり様の友達になる権利をやろう！,1,1,all,20090308,,house
12,Twinkle Twinkle,1,12,all,20090621,,house
13,Be in a Gravity,1,2,all,20090815,,house
14,紅×黒,1,1,all,20090815,,house
15,東方アクロバティカいち弐3,1,10,all,20091011,,house
16,東方アドベンチャー　下,1,1,all,20091011,,house
17,ローリングジェット南無サンダー,1,1,all,20091025,,house
18,あめあめふれふれ,1,1,all,20091230,,house
19,沢山南無三白蓮さん。,1,10,all,20091230,,house
20,日本の夜明けモコ,1,1,all,20091230,,house
21,ジャーナリストあやや,1,1,all,20091230,,house
22,平安京デロリアン,1,1,all,20100314,,house
23,小さな恋の歌2,1,1,all,20100627,,house
24,水道水で飼育しないでください。,1,1,all,20100814,,house
25,東方靴下本④,1,3,r18,20100814,,house
26,モミアゲとれた,1,1,all,20100814,,house
27,シュトルムウントドラング,1,1,all,20100911,,house
28,殺したい男が出来ました。,1,1,all,20101011,,house
29,小さな恋の歌,1,1,all,20101011,,house
30,地底ロイヤルサービスタイム,1,1,all,20101221,,house
31,えくすてんどのかけらをあつめたら３,1,1,all,20101230,,house
32,平安京ALL STARS!!,1,1,all,20101230,,house
33,こっちむいて　ゆかまり！,1,1,all,20110313,,house
34,まりまり。 #ERLOAD,1,1,all,20110313,,house
35,油絵で描く東方Project,1,2,all,20130526,,house
36,こちら香霖堂 博麗神社に降りる夜,1,1,all,20130526,,house
37,東方幻想画報　詩片I,1,2,all,20130526,,house
38,小野塚婚活はじめました！,1,1,all,20130812,,house
39,こちら香霖堂 -イシコトバ-,1,1,all,20130812,,house
40,小さな恋の歌4,1,1,all,20130812,,house
41,艦風日和,2,1,all,20130916,,house
42,東方麗画集　堀川雷鼓?RAIKO?,1,2,all,20131110,,house
43,東方麗画集　鬼人正邪?SEIJA?,1,2,all,20131110,,house
44,東方麗画集　秦こころ?KOKORO?,1,2,all,20131110,,house
45,東方麗画集　聖白蓮?BYAKUREN?,1,2,all,20131110,,house
46,東方麗画集　物部布都?FUTO?,1,2,all,20131110,,house
47,艦隊くえすちょんvol.1,2,1,all,20131223,,house
48,純情エキセントリックハニーフェイス,1,1,all,20131230,,house
49,試製加古SP,2,1,all,20131230,,house
50,簡単で有効な仲間獲り方!!,2,1,all,20131231,,house
51,over Quantum Mechanics Rainbow 01,2,1,all,20140119,,house
52,曙さんとクソ提督,2,1,all,20140321,,house
53,艦隊くえすちょんvol.2,2,1,all,20140417,,house
54,over Quantum Mechanics Rainbow 02,2,1,all,20140429,,house
55,よくわかる　秘封Excel教本　入門編,1,13,all,20140511,,house
56,かわさきっこ,2,2,all,20140601,,house
57,艦隊くえすちょんvol.3,2,1,all,20140809,,house
58,曙さんとクソ提督２,2,1,all,20140815,,house
59,慧音先生の情報リテラシー講座,1,13,all,20140816,,house
60,パチュニスト,1,1,r18,20140816,,house
61,深相究明ポーカーフェイサー,1,1,all,20140816,,house
62,over Quantum Mechanics Rainbow 03,2,1,all,20140817,,house
63,over Quantum Mechanics Rainbow 04,2,1,all,20140817,,house
64,統計これくしょん,2,13,all,20140817,,house
65,高雄型靴下本,2,1,r18,20140817,,house
66,over Quantum Mechanics Rainbow 05,2,1,all,20140914,,house
67,提督のおひざ,2,1,all,20140914,,house
68,不器用なポーカーフェイス,1,1,all,20141012,,house
69,京都秘封神話大系　序,1,1,all,20141102,,house
70,over Quantum Mechanics Rainbow 06,2,1,all,20141130,,house
71,青娥娘々の陰謀　?年末編?,1,1,all,20141229,,house
72,曙さんとクソ提督３,2,1,all,20141229,,house
73,異聞アマノジャク VS 紫,1,1,all,20141229,,house
74,艦隊くえすちょんvol.4,2,1,all,20141229,,house
75,がんばれ！(泣)こがさちゃん!! -突撃！隣の紅魔館-,1,1,all,20141229,,house
76,東方全裸合同,1,1,all,20141229,,house
77,ばばんばばんき,1,1,all,20141229,,house
78,よくわかる　秘封Excel教本　応用編,1,13,all,20141229,,house
79,わかさぎ姫ムキムキフェスティバル,1,1,all,20141229,,house
80,雲龍のほぐしかた,2,1,r18,20141229,,house
81,時雨ちゃん×電マ×おまけ本,2,4,r18,20141229,,house
82,時津風が捕まえた!,2,3,r18,20141229,,house
83,艦娘アソート,2,2,r18,20141229,,house
84,over Quantum Mechanics Rainbow 07,2,1,all,20141230,,house
85,over Quantum Mechanics Rainbow 08,2,1,all,20141230,,house
86,おとしがき2,2,7,all,20141230,,house
87,徒然チルドレン＋,3,1,all,20141230,,house
88,もちつき天龍,2,1,all,20150125,,house
89,京都秘封神話大系　破,1,1,all,20150221,,house
90,熊野と鈴屋のけーにひすくろーね探訪記,2,1,all,20150222,,house
91,妙高姉妹の華麗なる日常。,2,1,all,20150329,,house
92,色娘絵本,2,3,r18,20150421,,house
93,ろーちゃんのただしい育て方,2,1,all,20150502,,house
94,MARINE COLORS vol.2,2,2,all,20150502,,house
95,悪魔の黙示録,1,1,all,20150510,,house
96,異聞アマノジャク VS 青娥,1,1,all,20150510,,house
97,月夜のヒゲダンディ,1,1,all,20150510,,house
98,秘封るる部　京都幻想案内2015,1,13,all,20150510,,house
99,朝潮君はいっしょうけんめい,2,3,r18,20150614,,house
100,今日も鎮守府は平和です,2,1,all,20150614,,house
101,しぐこれ61,2,4,r18,20150621,,house
102,ゆーちゃんとろーちゃんのHな本ですって！,2,1,r18,20150621,,house
103,私の姉がこんなに可愛いわけがない,2,1,all,20150621,,house
104,BonoBoro,2,1,all,20150814,,house
105,Drastic Emotinal Girl,1,1,all,20150814,,house
106,LINE,2,1,all,20150814,,house
107,MW COLORS[2014-2015],1,2,all,20150814,,house
108,POKIZM4,2,2,all,20150814,,house
109,曙さんとクソ提督４,2,1,all,20150814,,house
110,アミョンジャーズ,1,1,all,20150814,,house
111,意識の高いドＭ提督の日常,2,1,all,20150814,,house
112,異聞アマノジャク VS 針妙丸　上巻,1,1,all,20150814,,house
113,艦隊くえすちょんvol.5,2,1,all,20150814,,house
114,カンムス・ア・ゴーゴー,2,1,all,20150814,,house
115,キリシマは-Sparking!-,2,1,all,20150814,,house
116,禁断のヌーディストユートピア,1,1,all,20150814,,house
117,空母びより　弐,2,1,all,20150814,,house
118,月下美人4,1,2,r15,20150814,,house
119,こちら幻想放送局！,1,1,all,20150814,,house
120,さとり様の尿管にこいしができる話,1,1,all,20150814,,house
121,三倍艦王拳,2,1,all,20150814,,house
122,正直邪魔です。,1,1,all,20150814,,house
123,天龍ちゃんは語りたい,2,9,all,20150814,,house
124,博麗ふたり 終,1,1,all,20150814,,house
125,初期艦,2,1,all,20150814,,house
126,フィルシー amour,1,1,r18,20150814,,house
127,叢雲と意識の高いドＭ提督の思い出,2,1,all,20150814,,house
128,夜戦バカと夏日記,2,1,all,20150814,,house
129,リトルセブン,2,1,all,20150814,,house
130,金剛４姉妹幼少期夏休み２,2,4,all,20150814,,house
131,ノーワーク×ノーライフ３,8,2,all,20150814,,house
132,あきぐもちゃんす,2,1,r18,20150814,,house
133,ESTROUS SHOWER!,2,1,r18,20150814,,house
134,ソープ鎮守府酒保,2,1,r18,20150814,,house
135,舞風ちゃんは野分とHしたい,2,1,r18,20150814,,house
136,KAITADAKE圧釜式,2,2,all,20150814,,house
137,高波ちゃんと霜々な妹たち,2,1,all,20150814,,house
138,Starting Point vol.02,2,2,all,20150814,,house
139,乙女ちっく艦隊びより vol.4,2,1,all,20150814,,house
140,脳内鎮守府劇場　回想録,2,1,all,20150814,,house
141,kancolle rakugaki matomebon,2,2,all,20150814,,house
142,艦Copi!,2,1,all,20150814,,house
143,たのしい夏休み,2,1,all,20150814,,house
144,らくがきわはー07,2,4,all,20150814,,house
145,重雷装ホロスコープ,2,1,all,20150814,,house
146,Freedom!,3,2,all,20150814,,house
147,鎮守かわら版 続,2,2,all,20150814,,house
148,7BOMB summer,2,4,all,20150814,,house
149,HELLO&HELLO,2,1,all,20150814,,house
150,三川艦隊海の家はじめました!!,2,1,all,20150814,,house
151,宵の雨,2,1,all,20150815,,house
152,COMIC摩耶っ天だVol.4,2,1,r18,20150816,,house
153,FoxGirlSupply3,8,2,r18,20150816,,house
154,HEART KINE ALIVE,2,2,r18,20150816,,house
155,IGC01,2,2,r18,20150816,,house
156,PRINCIPIUM,3,2,all,20150816,,house
157,R.O.D 9  Rider or Die,8,1,r18,20150816,,house
158,WALNUT78 6TH,2,2,r18,20150816,,house
159,WALNUT78 sp1,2,2,r18,20150816,,house
160,男汁(メンつゆ)Vol.3,2,4,r18,20150816,,house
161,しぶりんkか監禁　-after-,7,1,r18,20150816,,house
162,すぱし?ばアーニャ！,7,1,r18,20150816,,house
163,水着の翔鶴さんはいかが？,2,3,r18,20150816,,house
164,めしあがれ! Buon appetito!,2,1,r18,20150816,,house
165,おねがい浜風,2,1,r18,20150816,,house
166,高雄型靴下本［参］,2,1,r18,20150816,,house
167,真夏のぷーる大決戦,2,1,r18,20150816,,house
168,気温38度、室温19度、体温37度。,2,1,r18,20150816,,house
169,C-C BEACH ちとちよビーチ,2,1,r18,20150816,,house
170,szyt_nnsr?,2,1,r18,20150816,,house
171,中央線沿線少女 2015 Summer,3,2,all,20150816,,house
172,AYULOGE 08,2,2,all,20150816,,house
173,潜水艦のアイデンティティが！,2,4,all,20150816,,house
174,きのこのみるく４,2,2,all,20150816,,house
175,らくがき学芸会,3,12,all,20150816,,house
176,徒然チルドレン＋２,3,1,all,20150816,,house
177,夕張30歳と一緒の日常０　?夕張結婚前編?,2,1,all,20150816,,house
178,夕張30歳と一緒の日常⑨　?夕張30歳シリーズまとめ?,2,1,all,20150816,,house
179,ゲッター対金剛四姉妹,2,1,r18,20150816,,house
180,京都秘封神話大系　急　プレビュー版,1,4,all,20151012,,house
181,秘封回顧録,1,1,all,20151012,,house
182,境界影幽譚 ?Mirge Girls?,1,1,all,20151018,,house
183,時代遅れは服を求む。,1,1,all,20151018,,house
184,東方TRANS SEXUAL FICTION 1 妖夢に憑依,1,3,r18,20151018,,house
185,憂鬱のこころチャレンジ,1,1,all,20151018,,house
186,Dearg sceal,1,2,all,20151101,,house
187,京都秘封神話大系　急,1,1,all,20151101,,house
188,時系列妖々夢,1,2,all,20151101,,house
189,東方睡姦1,1,3,r18,20151111,,house
190,4コマ LIVE幻想郷！ １,1,10,all,20151228,,house
191,ジェット式 東方四コマ総集編 １,1,10,all,20151228,,house
192,OTON1,2,1,all,20151230,,house
193,OTON2,2,1,all,20151230,,house
194,雷鼓さんはビールが飲みたい！,1,1,all,20151230,,house
195,Assorted Collection 1 hour draw collection 4,2,2,all,20151230,,house
196,C89 OMAKE MIZUGI ILLUSTRATION,1,2,all,20151230,,house
197,Delicious Traco2,2,2,all,20151230,,house
198,FORTUNA,1,1,all,20151230,,house
199,Grafiti vol.1,1,2,r18,20151230,,house
200,KOISATO,1,2,r18,20151230,,house
201,SAIKYO CIRNO MAD MARUKYU,1,1,all,20151230,,house
202,Starting Point vol.03,2,2,all,20151230,,house
203,WINTER 2015,2,2,all,20151230,,house
204,WINTER COLOR,2,2,all,20151230,,house
205,暁のクセになまいきだ！,2,1,all,20151230,,house
206,悪魔の黙示録2,1,1,all,20151230,,house
207,甘えたいさかり５　武蔵と清霜,2,1,r18,20151230,,house
208,意識の高いドＭ提督の日常2,2,1,all,20151230,,house
209,いつもの,1,1,all,20151230,,house
210,いつもの　おまけ,1,1,all,20151230,,house
211,異聞アマノジャク VS 針妙丸　下巻,1,1,all,20151230,,house
212,運命プロローグ,2,1,all,20151230,,house
213,江風ちゃんはテレ可愛い!!,2,1,all,20151230,,house
214,オコタ・デ・チャット,2,10,all,20151230,,house
215,ガムシャラソウジュ,1,1,all,20151230,,house
216,カリワザ,1,1,all,20151230,,house
217,カンムス・ア・ゴーゴー　2015冬,2,1,all,20151230,,house
218,君の足音,2,1,all,20151230,,house
219,キミの笑顔,1,1,all,20151230,,house
220,清霜のあこがれ,2,1,all,20151230,,house
221,航空戦艦フェアリーテイル,2,1,all,20151230,,house
222,こちら秘封探偵事務所　illustratedbook vol.1 the Embodiment of Scarlet Devil,1,11,all,20151230,,house
223,この2人のここがスキ本,8,4,all,20151230,,house
224,鷺の声響く,1,3,r18,20151230,,house
225,さよならアマノジャク,1,1,all,20151230,,house
226,潮騒,2,3,r18,20151230,,house
227,シロガネエッヂ,1,1,all,20151230,,house
228,千載えにし,2,1,all,20151230,,house
229,羨望のココロエデュケ～ション,1,1,all,20151230,,house
230,チャイナ東方～2015～,1,2,all,20151230,,house
231,帝国海軍　敗戦への道,2,13,all,20151230,,house
232,東方時姦15,1,3,r18,20151230,,house
233,とびだせ大鳳ちゃん C89Edition,2,1,all,20151230,,house
234,なまいき！浜風,2,1,all,20151230,,house
235,はなたれたこころ,1,1,all,20151230,,house
236,帝國海軍 敗戦への道,2,11,all,20151230,,house
237,KANCOLLE RACE QUEEN-R,2,4,r18,20151230,,house
238,Fallen World,2,2,all,20151230,,house
239,『７』,2,12,all,20151230,,house
240,over Quantum Mechanics Rainbow 15,2,1,all,20151231,,house
241,over Quantum Mechanics Rainbow 16,2,1,all,20151231,,house
242,Tyokotto ARC,2,4,r18,20151231,,house
243,ケッコン前遊戯,2,3,r18,20151231,,house
244,夏色すけっち,2,4,all,20151231,,house
245,榛名は大丈夫です！！,2,1,r18,20151231,,house
246,榛名は大丈夫です！！改二,2,1,r18,20151231,,house
247,ビスコレ zwei,2,3,r18,20151231,,house
248,憂色マジック,1,4,all,20160124,,house
249,猫を拾えば,1,10,all,20160124,,house
250,サグメさんは語りたい,1,1,all,20160313,,house
251,夢色マジック,1,4,all,20160313,,house
252,神戸かわさき造船これくしょん３　限定本,2,4,r18,20160403,,house
253,WALNUT78 8TH,2,2,r18,20160501,,house
254,がんばれ！(泣)こがさちゃん!! さよなら、こがさちゃん　-前編-,1,1,all,20160508,,house
255,白鷺恋想夢,1,1,all,20160508,,house
256,虹色マジック,1,1,all,20160508,,house
257,パンデモニウムに響く歌,1,1,all,20160508,,house
258,ふわふわパチュリー様,1,3,r18,20160508,,house
259,終始一艦,2,1,all,20160508,,house
260,Matsuriuta Workers*,1,2,all,20160605,,house
261,愛し想起へ花束を,1,1,all,20160605,,house
262,おすしがたべたい　たべたくない？,1,1,all,20160605,,house
263,ムガルビル3,1,1,all,20160813,,house
264,東風谷早苗の牛丼道,1,1,all,20160813,,house
265,けんおう提督が鎮守府に着任しました 砲撃!,2,1,all,20160813,,house
266,曙さんとクソ提督５,2,1,all,20160813,,house
267,スクエアの化身とセンコフマの宴,1,1,all,20161009,,house
268,GOOD NIGHT,1,1,r18,20161009,,house
269,青娥抹殺,1,1,all,20161009,,house
270,LIFE TAP vol.1,2,2,all,,,house
271,こちら秘封探偵事務所　illustratedbook vol.1.5,1,11,all,20151230,,house
